,level_0,RollNo,SGPA,CGPA,Semester,Failed_Subjects,Passed_Subjects,No_of_backlogs,Passed_Out_Year,Absent_subjects
0,0,18N31A05J9,9.1,8.65,1-2-CSE,,"PENG,M-II,ECHEM,OOP,BEE,EP/EC LAB,OOPS LAB,BEE LAB,HV&SP",0,23,
1,1,18N31A05M8,8.03,,1-2-CSE,,"PENG,M-II,ECHEM,OOP,BEE,EP/EC LAB,OOPS LAB,BEE LAB,HV&SP",0,23,
2,2,19N31A0501,8.45,8.51,1-2-CSE,,"PENG,M-II,ECHEM,OOP,BEE,EP/EC LAB,OOPS LAB,BEE LAB,HV&SP",0,23,
3,3,19N31A0502,9.05,8.98,1-2-CSE,,"PENG,M-II,ECHEM,OOP,BEE,EP/EC LAB,OOPS LAB,BEE LAB,HV&SP",0,23,
4,4,19N31A0503,9.0,9.00,1-2-CSE,,"PENG,M-II,ECHEM,OOP,BEE,EP/EC LAB,OOPS LAB,BEE LAB,HV&SP",0,23,
5,5,19N31A0504,,,1-2-CSE,"M-II,ECHEM","PENG,OOP,BEE,EP/EC LAB,OOPS LAB,BEE LAB,HV&SP",2,23,
6,6,19N31A0505,7.8,,1-2-CSE,,"PENG,M-II,ECHEM,OOP,BEE,EP/EC LAB,OOPS LAB,BEE LAB,HV&SP",0,23,
7,7,19N31A0506,,,1-2-CSE,ECHEM,"PENG,M-II,OOP,BEE,EP/EC LAB,OOPS LAB,BEE LAB,HV&SP",1,23,
8,8,19N31A0507,,,1-2-CSE,BEE,"PENG,M-II,ECHEM,OOP,EP/EC LAB,OOPS LAB,BEE LAB,HV&SP",1,23,
9,9,19N31A0508,8.9,9.10,1-2-CSE,,"PENG,M-II,ECHEM,OOP,BEE,EP/EC LAB,OOPS LAB,BEE LAB,HV&SP",0,23,
10,10,19N31A0509,,,1-2-CSE,M-II,"PENG,ECHEM,OOP,BEE,EP/EC LAB,OOPS LAB,BEE LAB,HV&SP",1,23,
11,11,19N31A0510,,,1-2-CSE,BEE,"PENG,M-II,ECHEM,OOP,EP/EC LAB,OOPS LAB,BEE LAB,HV&SP",1,23,
12,12,19N31A0511,9.6,9.25,1-2-CSE,,"PENG,M-II,ECHEM,OOP,BEE,EP/EC LAB,OOPS LAB,BEE LAB,HV&SP",0,23,
13,13,19N31A0512,8.65,8.50,1-2-CSE,,"PENG,M-II,ECHEM,OOP,BEE,EP/EC LAB,OOPS LAB,BEE LAB,HV&SP",0,23,
14,14,19N31A0513,8.3,8.21,1-2-CSE,,"PENG,M-II,ECHEM,OOP,BEE,EP/EC LAB,OOPS LAB,BEE LAB,HV&SP",0,23,
15,15,19N31A0514,8.85,9.15,1-2-CSE,,"PENG,M-II,ECHEM,OOP,BEE,EP/EC LAB,OOPS LAB,BEE LAB,HV&SP",0,23,
16,16,19N31A0515,9.2,9.30,1-2-CSE,,"PENG,M-II,ECHEM,OOP,BEE,EP/EC LAB,OOPS LAB,BEE LAB,HV&SP",0,23,
17,17,19N31A0516,8.25,8.03,1-2-CSE,,"PENG,M-II,ECHEM,OOP,BEE,EP/EC LAB,OOPS LAB,BEE LAB,HV&SP",0,23,
18,18,19N31A0517,9.05,9.25,1-2-CSE,,"PENG,M-II,ECHEM,OOP,BEE,EP/EC LAB,OOPS LAB,BEE LAB,HV&SP",0,23,
19,19,19N31A0518,8.9,8.65,1-2-CSE,,"PENG,M-II,ECHEM,OOP,BEE,EP/EC LAB,OOPS LAB,BEE LAB,HV&SP",0,23,
20,20,19N31A0519,9.45,9.13,1-2-CSE,,"PENG,M-II,ECHEM,OOP,BEE,EP/EC LAB,OOPS LAB,BEE LAB,HV&SP",0,23,
21,21,19N31A0520,8.1,8.13,1-2-CSE,,"PENG,M-II,ECHEM,OOP,BEE,EP/EC LAB,OOPS LAB,BEE LAB,HV&SP",0,23,
22,22,19N31A0521,8.25,8.13,1-2-CSE,,"PENG,M-II,ECHEM,OOP,BEE,EP/EC LAB,OOPS LAB,BEE LAB,HV&SP",0,23,
23,23,19N31A0522,,,1-2-CSE,"M-II,BEE","PENG,ECHEM,OOP,EP/EC LAB,OOPS LAB,BEE LAB,HV&SP",2,23,
24,24,19N31A0523,9.3,9.13,1-2-CSE,,"PENG,M-II,ECHEM,OOP,BEE,EP/EC LAB,OOPS LAB,BEE LAB,HV&SP",0,23,
25,25,19N31A0524,9.15,9.08,1-2-CSE,,"PENG,M-II,ECHEM,OOP,BEE,EP/EC LAB,OOPS LAB,BEE LAB,HV&SP",0,23,
26,26,19N31A0525,,,1-2-CSE,BEE,"PENG,M-II,ECHEM,OOP,EP/EC LAB,OOPS LAB,BEE LAB,HV&SP",1,23,
27,27,19N31A0526,,,1-2-CSE,BEE,"PENG,M-II,ECHEM,OOP,EP/EC LAB,OOPS LAB,BEE LAB,HV&SP",1,23,
28,28,19N31A0527,9.6,9.50,1-2-CSE,,"PENG,M-II,ECHEM,OOP,BEE,EP/EC LAB,OOPS LAB,BEE LAB,HV&SP",0,23,
29,29,19N31A0528,8.95,8.58,1-2-CSE,,"PENG,M-II,ECHEM,OOP,BEE,EP/EC LAB,OOPS LAB,BEE LAB,HV&SP",0,23,
30,30,19N31A0529,8.3,8.19,1-2-CSE,,"PENG,M-II,ECHEM,OOP,BEE,EP/EC LAB,OOPS LAB,BEE LAB,HV&SP",0,23,
31,31,19N31A0530,8.9,8.78,1-2-CSE,,"PENG,M-II,ECHEM,OOP,BEE,EP/EC LAB,OOPS LAB,BEE LAB,HV&SP",0,23,
32,32,19N31A0531,8.15,8.05,1-2-CSE,,"PENG,M-II,ECHEM,OOP,BEE,EP/EC LAB,OOPS LAB,BEE LAB,HV&SP",0,23,
33,33,19N31A0532,8.85,8.98,1-2-CSE,,"PENG,M-II,ECHEM,OOP,BEE,EP/EC LAB,OOPS LAB,BEE LAB,HV&SP",0,23,
34,34,19N31A0533,9.0,8.88,1-2-CSE,,"PENG,M-II,ECHEM,OOP,BEE,EP/EC LAB,OOPS LAB,BEE LAB,HV&SP",0,23,
35,35,19N31A0534,8.2,8.75,1-2-CSE,,"PENG,M-II,ECHEM,OOP,BEE,EP/EC LAB,OOPS LAB,BEE LAB,HV&SP",0,23,
36,36,19N31A0535,9.05,9.03,1-2-CSE,,"PENG,M-II,ECHEM,OOP,BEE,EP/EC LAB,OOPS LAB,BEE LAB,HV&SP",0,23,
37,37,19N31A0536,,,1-2-CSE,BEE,"PENG,M-II,ECHEM,OOP,EP/EC LAB,OOPS LAB,BEE LAB,HV&SP",1,23,
38,38,19N31A0537,9.1,8.90,1-2-CSE,,"PENG,M-II,ECHEM,OOP,BEE,EP/EC LAB,OOPS LAB,BEE LAB,HV&SP",0,23,
39,39,19N31A0538,9.2,9.20,1-2-CSE,,"PENG,M-II,ECHEM,OOP,BEE,EP/EC LAB,OOPS LAB,BEE LAB,HV&SP",0,23,
40,40,19N31A0539,,,1-2-CSE,BEE,"PENG,M-II,ECHEM,OOP,EP/EC LAB,OOPS LAB,BEE LAB,HV&SP",1,23,
41,41,19N31A0540,9.1,9.08,1-2-CSE,,"PENG,M-II,ECHEM,OOP,BEE,EP/EC LAB,OOPS LAB,BEE LAB,HV&SP",0,23,
42,42,19N31A0541,8.1,7.91,1-2-CSE,,"PENG,M-II,ECHEM,OOP,BEE,EP/EC LAB,OOPS LAB,BEE LAB,HV&SP",0,23,
43,43,19N31A0542,9.45,9.45,1-2-CSE,,"PENG,M-II,ECHEM,OOP,BEE,EP/EC LAB,OOPS LAB,BEE LAB,HV&SP",0,23,
44,44,19N31A0543,8.95,8.95,1-2-CSE,,"PENG,M-II,ECHEM,OOP,BEE,EP/EC LAB,OOPS LAB,BEE LAB,HV&SP",0,23,
45,45,19N31A0544,9.45,9.18,1-2-CSE,,"PENG,M-II,ECHEM,OOP,BEE,EP/EC LAB,OOPS LAB,BEE LAB,HV&SP",0,23,
46,46,19N31A0545,9.3,8.98,1-2-CSE,,"PENG,M-II,ECHEM,OOP,BEE,EP/EC LAB,OOPS LAB,BEE LAB,HV&SP",0,23,
47,47,19N31A0546,8.9,8.85,1-2-CSE,,"PENG,M-II,ECHEM,OOP,BEE,EP/EC LAB,OOPS LAB,BEE LAB,HV&SP",0,23,
48,48,19N31A0547,9.15,9.13,1-2-CSE,,"PENG,M-II,ECHEM,OOP,BEE,EP/EC LAB,OOPS LAB,BEE LAB,HV&SP",0,23,
49,49,19N31A0548,8.15,8.45,1-2-CSE,,"PENG,M-II,ECHEM,OOP,BEE,EP/EC LAB,OOPS LAB,BEE LAB,HV&SP",0,23,
50,50,19N31A0549,9.45,9.28,1-2-CSE,,"PENG,M-II,ECHEM,OOP,BEE,EP/EC LAB,OOPS LAB,BEE LAB,HV&SP",0,23,
51,51,19N31A0550,8.95,9.10,1-2-CSE,,"PENG,M-II,ECHEM,OOP,BEE,EP/EC LAB,OOPS LAB,BEE LAB,HV&SP",0,23,
52,52,19N31A0551,9.0,9.10,1-2-CSE,,"PENG,M-II,ECHEM,OOP,BEE,EP/EC LAB,OOPS LAB,BEE LAB,HV&SP",0,23,
53,53,19N31A0552,,,1-2-CSE,M-II,,1,23,"PENG,ECHEM,OOP,BEE,EP/EC LAB,OOPS LAB,BEE LAB,HV&SP"
54,54,19N31A0553,7.6,8.30,1-2-CSE,,"PENG,M-II,ECHEM,OOP,BEE,EP/EC LAB,OOPS LAB,BEE LAB,HV&SP",0,23,
55,55,19N31A0554,8.7,8.71,1-2-CSE,,"PENG,M-II,ECHEM,OOP,BEE,EP/EC LAB,OOPS LAB,BEE LAB,HV&SP",0,23,
56,56,19N31A0555,,,1-2-CSE,BEE,"PENG,M-II,ECHEM,OOP,EP/EC LAB,OOPS LAB,BEE LAB,HV&SP",1,23,
57,57,19N31A0556,,,1-2-CSE,M-II,"PENG,ECHEM,OOP,BEE,EP/EC LAB,OOPS LAB,BEE LAB,HV&SP",1,23,
58,58,19N31A0557,9.3,9.58,1-2-CSE,,"PENG,M-II,ECHEM,OOP,BEE,EP/EC LAB,OOPS LAB,BEE LAB,HV&SP",0,23,
59,59,19N31A0558,8.55,8.83,1-2-CSE,,"PENG,M-II,ECHEM,OOP,BEE,EP/EC LAB,OOPS LAB,BEE LAB,HV&SP",0,23,
60,60,19N31A0559,8.0,8.08,1-2-CSE,,"PENG,M-II,ECHEM,OOP,BEE,EP/EC LAB,OOPS LAB,BEE LAB,HV&SP",0,23,
61,61,19N31A0560,9.0,9.20,1-2-CSE,,"PENG,M-II,ECHEM,OOP,BEE,EP/EC LAB,OOPS LAB,BEE LAB,HV&SP",0,23,
62,62,19N31A0561,8.25,8.19,1-2-CSE,,"PENG,M-II,ECHEM,OOP,BEE,EP/EC LAB,OOPS LAB,BEE LAB,HV&SP",0,23,
63,63,19N31A0562,9.3,9.09,1-2-CSE,,"PENG,M-II,ECHEM,OOP,BEE,EP/EC LAB,OOPS LAB,BEE LAB,HV&SP",0,23,
64,64,19N31A0563,9.15,8.75,1-2-CSE,,"PENG,M-II,ECHEM,OOP,BEE,EP/EC LAB,OOPS LAB,BEE LAB,HV&SP",0,23,
65,65,19N31A0564,,,1-2-CSE,"ECHEM,BEE","PENG,M-II,OOP,EP/EC LAB,OOPS LAB,BEE LAB,HV&SP",2,23,
66,66,19N31A0565,8.4,8.25,1-2-CSE,,"PENG,M-II,ECHEM,OOP,BEE,EP/EC LAB,OOPS LAB,BEE LAB,HV&SP",0,23,
67,67,19N31A0566,,,1-2-CSE,BEE,"PENG,M-II,ECHEM,OOP,EP/EC LAB,OOPS LAB,BEE LAB,HV&SP",1,23,
68,68,19N31A0567,7.6,7.83,1-2-CSE,,"PENG,M-II,ECHEM,OOP,BEE,EP/EC LAB,OOPS LAB,BEE LAB,HV&SP",0,23,
69,69,19N31A0568,,,1-2-CSE,BEE,"PENG,M-II,ECHEM,OOP,EP/EC LAB,OOPS LAB,BEE LAB,HV&SP",1,23,
70,70,19N31A0569,8.85,9.15,1-2-CSE,,"PENG,M-II,ECHEM,OOP,BEE,EP/EC LAB,OOPS LAB,BEE LAB,HV&SP",0,23,
71,71,19N31A0570,,,1-2-CSE,,"PENG,M-II,ECHEM,OOP,BEE",0,23,"EP/EC LAB,OOPS LAB,BEE LAB,HV&SP"
72,72,19N31A0571,9.35,9.45,1-2-CSE,,"PENG,M-II,ECHEM,OOP,BEE,EP/EC LAB,OOPS LAB,BEE LAB,HV&SP",0,23,
73,73,19N31A0572,9.0,9.13,1-2-CSE,,"PENG,M-II,ECHEM,OOP,BEE,EP/EC LAB,OOPS LAB,BEE LAB,HV&SP",0,23,
74,74,19N31A0573,8.85,9.08,1-2-CSE,,"PENG,M-II,ECHEM,OOP,BEE,EP/EC LAB,OOPS LAB,BEE LAB,HV&SP",0,23,
75,75,19N31A0574,9.25,9.15,1-2-CSE,,"PENG,M-II,ECHEM,OOP,BEE,EP/EC LAB,OOPS LAB,BEE LAB,HV&SP",0,23,
76,76,19N31A0575,,,1-2-CSE,ECHEM,"PENG,M-II,OOP,BEE,EP/EC LAB,OOPS LAB,BEE LAB,HV&SP",1,23,
77,77,19N31A0576,8.85,8.93,1-2-CSE,,"PENG,M-II,ECHEM,OOP,BEE,EP/EC LAB,OOPS LAB,BEE LAB,HV&SP",0,23,
78,78,19N31A0577,8.4,8.50,1-2-CSE,,"PENG,M-II,ECHEM,OOP,BEE,EP/EC LAB,OOPS LAB,BEE LAB,HV&SP",0,23,
79,79,19N31A0578,,,1-2-CSE,BEE,"PENG,M-II,ECHEM,OOP,EP/EC LAB,OOPS LAB,BEE LAB,HV&SP",1,23,
80,80,19N31A0579,8.45,8.73,1-2-CSE,,"PENG,M-II,ECHEM,OOP,BEE,EP/EC LAB,OOPS LAB,BEE LAB,HV&SP",0,23,
81,81,19N31A0580,8.45,8.35,1-2-CSE,,"PENG,M-II,ECHEM,OOP,BEE,EP/EC LAB,OOPS LAB,BEE LAB,HV&SP",0,23,
82,82,19N31A0581,9.45,9.50,1-2-CSE,,"PENG,M-II,ECHEM,OOP,BEE,EP/EC LAB,OOPS LAB,BEE LAB,HV&SP",0,23,
83,83,19N31A0582,8.15,7.90,1-2-CSE,,"PENG,M-II,ECHEM,OOP,BEE,EP/EC LAB,OOPS LAB,BEE LAB,HV&SP",0,23,
84,84,19N31A0583,9.35,9.28,1-2-CSE,,"PENG,M-II,ECHEM,OOP,BEE,EP/EC LAB,OOPS LAB,BEE LAB,HV&SP",0,23,
85,85,19N31A0584,8.6,8.51,1-2-CSE,,"PENG,M-II,ECHEM,OOP,BEE,EP/EC LAB,OOPS LAB,BEE LAB,HV&SP",0,23,
86,86,19N31A0585,,,1-2-CSE,"ECHEM,OOP,BEE","M-II,EP/EC LAB,OOPS LAB,BEE LAB,HV&SP",3,23,PENG
87,87,19N31A0586,8.8,8.48,1-2-CSE,,"PENG,M-II,ECHEM,OOP,BEE,EP/EC LAB,OOPS LAB,BEE LAB,HV&SP",0,23,
88,88,19N31A0587,9.2,8.78,1-2-CSE,,"PENG,M-II,ECHEM,OOP,BEE,EP/EC LAB,OOPS LAB,BEE LAB,HV&SP",0,23,
89,89,19N31A0588,8.8,8.88,1-2-CSE,,"PENG,M-II,ECHEM,OOP,BEE,EP/EC LAB,OOPS LAB,BEE LAB,HV&SP",0,23,
90,90,19N31A0589,,,1-2-CSE,"M-II,BEE","PENG,ECHEM,OOP,EP/EC LAB,OOPS LAB,BEE LAB,HV&SP",2,23,
91,91,19N31A0590,8.15,,1-2-CSE,,"PENG,M-II,ECHEM,OOP,BEE,EP/EC LAB,OOPS LAB,BEE LAB,HV&SP",0,23,
92,92,19N31A0591,8.7,8.68,1-2-CSE,,"PENG,M-II,ECHEM,OOP,BEE,EP/EC LAB,OOPS LAB,BEE LAB,HV&SP",0,23,
93,93,19N31A0592,9.3,9.43,1-2-CSE,,"PENG,M-II,ECHEM,OOP,BEE,EP/EC LAB,OOPS LAB,BEE LAB,HV&SP",0,23,
94,94,19N31A0593,,,1-2-CSE,BEE,"PENG,M-II,ECHEM,OOP,EP/EC LAB,OOPS LAB,BEE LAB,HV&SP",1,23,
95,95,19N31A0594,7.25,7.76,1-2-CSE,,"PENG,M-II,ECHEM,OOP,BEE,EP/EC LAB,OOPS LAB,BEE LAB,HV&SP",0,23,
96,96,19N31A0595,8.85,8.50,1-2-CSE,,"PENG,M-II,ECHEM,OOP,BEE,EP/EC LAB,OOPS LAB,BEE LAB,HV&SP",0,23,
97,97,19N31A0596,6.55,,1-2-CSE,,"PENG,M-II,ECHEM,OOP,BEE,EP/EC LAB,OOPS LAB,BEE LAB,HV&SP",0,23,
98,98,19N31A0597,,,1-2-CSE,"OOP,BEE","PENG,M-II,ECHEM,EP/EC LAB,OOPS LAB,BEE LAB,HV&SP",2,23,
99,99,19N31A0598,9.3,9.20,1-2-CSE,,"PENG,M-II,ECHEM,OOP,BEE,EP/EC LAB,OOPS LAB,BEE LAB,HV&SP",0,23,
100,100,19N31A0599,,,1-2-CSE,BEE,"PENG,M-II,ECHEM,OOP,EP/EC LAB,OOPS LAB,BEE LAB,HV&SP",1,23,
101,101,19N31A05A0,,,1-2-CSE,BEE,"PENG,M-II,ECHEM,OOP,EP/EC LAB,OOPS LAB,BEE LAB,HV&SP",1,23,
102,102,19N31A05A1,9.2,9.25,1-2-CSE,,"PENG,M-II,ECHEM,OOP,BEE,EP/EC LAB,OOPS LAB,BEE LAB,HV&SP",0,23,
103,103,19N31A05A2,8.25,8.33,1-2-CSE,,"PENG,M-II,ECHEM,OOP,BEE,EP/EC LAB,OOPS LAB,BEE LAB,HV&SP",0,23,
104,104,19N31A05A3,8.9,8.53,1-2-CSE,,"PENG,M-II,ECHEM,OOP,BEE,EP/EC LAB,OOPS LAB,BEE LAB,HV&SP",0,23,
105,105,19N31A05A4,9.05,8.75,1-2-CSE,,"PENG,M-II,ECHEM,OOP,BEE,EP/EC LAB,OOPS LAB,BEE LAB,HV&SP",0,23,
106,106,19N31A05A5,,,1-2-CSE,"M-II,ECHEM","PENG,OOP,BEE,EP/EC LAB,OOPS LAB,BEE LAB,HV&SP",2,23,
107,107,19N31A05A6,7.6,7.85,1-2-CSE,,"PENG,M-II,ECHEM,OOP,BEE,EP/EC LAB,OOPS LAB,BEE LAB,HV&SP",0,23,
108,108,19N31A05A7,,,1-2-CSE,BEE,"PENG,M-II,ECHEM,OOP,EP/EC LAB,OOPS LAB,BEE LAB,HV&SP",1,23,
109,109,19N31A05A8,9.3,9.00,1-2-CSE,,"PENG,M-II,ECHEM,OOP,BEE,EP/EC LAB,OOPS LAB,BEE LAB,HV&SP",0,23,
110,110,19N31A05A9,9.3,9.13,1-2-CSE,,"PENG,M-II,ECHEM,OOP,BEE,EP/EC LAB,OOPS LAB,BEE LAB,HV&SP",0,23,
111,111,19N31A05B0,8.6,8.43,1-2-CSE,,"PENG,M-II,ECHEM,OOP,BEE,EP/EC LAB,OOPS LAB,BEE LAB,HV&SP",0,23,
112,112,19N31A05B1,9.1,9.05,1-2-CSE,,"PENG,M-II,ECHEM,OOP,BEE,EP/EC LAB,OOPS LAB,BEE LAB,HV&SP",0,23,
113,113,19N31A05B2,9.1,8.78,1-2-CSE,,"PENG,M-II,ECHEM,OOP,BEE,EP/EC LAB,OOPS LAB,BEE LAB,HV&SP",0,23,
114,114,19N31A05B3,9.4,9.50,1-2-CSE,,"PENG,M-II,ECHEM,OOP,BEE,EP/EC LAB,OOPS LAB,BEE LAB,HV&SP",0,23,
115,115,19N31A05B4,,,1-2-CSE,BEE,"PENG,M-II,ECHEM,OOP,EP/EC LAB,OOPS LAB,BEE LAB,HV&SP",1,23,
116,116,19N31A05B5,9.45,9.35,1-2-CSE,,"PENG,M-II,ECHEM,OOP,BEE,EP/EC LAB,OOPS LAB,BEE LAB,HV&SP",0,23,
117,117,19N31A05B6,8.4,8.25,1-2-CSE,,"PENG,M-II,ECHEM,OOP,BEE,EP/EC LAB,OOPS LAB,BEE LAB,HV&SP",0,23,
118,118,19N31A05B7,8.85,8.48,1-2-CSE,,"PENG,M-II,ECHEM,OOP,BEE,EP/EC LAB,OOPS LAB,BEE LAB,HV&SP",0,23,
119,119,19N31A05B8,8.85,8.80,1-2-CSE,,"PENG,M-II,ECHEM,OOP,BEE,EP/EC LAB,OOPS LAB,BEE LAB,HV&SP",0,23,
120,120,19N31A05B9,7.4,,1-2-CSE,,"PENG,M-II,ECHEM,OOP,BEE,EP/EC LAB,OOPS LAB,BEE LAB,HV&SP",0,23,
121,121,19N31A05C0,,,1-2-CSE,M-II,"PENG,ECHEM,OOP,BEE,EP/EC LAB,OOPS LAB,BEE LAB,HV&SP",1,23,
122,122,19N31A05C1,8.78,8.11,1-2-CSE,,"PENG,M-II,ECHEM,OOP,BEE,EP/EC LAB,OOPS LAB,BEE LAB,HV&SP",0,23,
123,123,19N31A05C2,9.15,8.93,1-2-CSE,,"PENG,M-II,ECHEM,OOP,BEE,EP/EC LAB,OOPS LAB,BEE LAB,HV&SP",0,23,
124,124,19N31A05C3,9.3,8.53,1-2-CSE,,"PENG,M-II,ECHEM,OOP,BEE,EP/EC LAB,OOPS LAB,BEE LAB,HV&SP",0,23,
125,125,19N31A05C4,,,1-2-CSE,BEE,"PENG,M-II,ECHEM,OOP,EP/EC LAB,OOPS LAB,BEE LAB,HV&SP",1,23,
126,126,19N31A05C5,8.15,8.25,1-2-CSE,,"PENG,M-II,ECHEM,OOP,BEE,EP/EC LAB,OOPS LAB,BEE LAB,HV&SP",0,23,
127,127,19N31A05C6,9.15,8.98,1-2-CSE,,"PENG,M-II,ECHEM,OOP,BEE,EP/EC LAB,OOPS LAB,BEE LAB,HV&SP",0,23,
128,128,19N31A05C7,,,1-2-CSE,"ECHEM,OOP,BEE","PENG,M-II,EP/EC LAB,OOPS LAB,BEE LAB,HV&SP",3,23,
129,129,19N31A05C8,8.15,,1-2-CSE,,"PENG,M-II,ECHEM,OOP,BEE,EP/EC LAB,OOPS LAB,BEE LAB,HV&SP",0,23,
130,130,19N31A05C9,9.3,9.03,1-2-CSE,,"PENG,M-II,ECHEM,OOP,BEE,EP/EC LAB,OOPS LAB,BEE LAB,HV&SP",0,23,
131,131,19N31A05D0,8.6,8.53,1-2-CSE,,"PENG,M-II,ECHEM,OOP,BEE,EP/EC LAB,OOPS LAB,BEE LAB,HV&SP",0,23,
132,132,19N31A05D1,8.83,8.71,1-2-CSE,,"PENG,M-II,ECHEM,OOP,BEE,EP/EC LAB,OOPS LAB,BEE LAB,HV&SP",0,23,
133,133,19N31A05D2,,,1-2-CSE,,"PENG,M-II,ECHEM,OOP,BEE",0,23,"EP/EC LAB,OOPS LAB,BEE LAB,HV&SP"
134,134,19N31A05D3,9.4,9.23,1-2-CSE,,"PENG,M-II,ECHEM,OOP,BEE,EP/EC LAB,OOPS LAB,BEE LAB,HV&SP",0,23,
135,135,19N31A05D4,9.3,9.18,1-2-CSE,,"PENG,M-II,ECHEM,OOP,BEE,EP/EC LAB,OOPS LAB,BEE LAB,HV&SP",0,23,
136,136,19N31A05D5,8.75,8.50,1-2-CSE,,"PENG,M-II,ECHEM,OOP,BEE,EP/EC LAB,OOPS LAB,BEE LAB,HV&SP",0,23,
137,137,19N31A05D6,,,1-2-CSE,"OOP,BEE","PENG,M-II,ECHEM,EP/EC LAB,OOPS LAB,BEE LAB,HV&SP",2,23,
138,138,19N31A05D7,6.83,7.06,1-2-CSE,,"PENG,M-II,ECHEM,OOP,BEE,EP/EC LAB,OOPS LAB,BEE LAB,HV&SP",0,23,
139,139,19N31A05D8,7.63,7.26,1-2-CSE,,"PENG,M-II,ECHEM,OOP,BEE,EP/EC LAB,OOPS LAB,BEE LAB,HV&SP",0,23,
140,140,19N31A05D9,7.78,7.51,1-2-CSE,,"PENG,M-II,ECHEM,OOP,BEE,EP/EC LAB,OOPS LAB,BEE LAB,HV&SP",0,23,
141,141,19N31A05E0,8.5,8.60,1-2-CSE,,"PENG,M-II,ECHEM,OOP,BEE,EP/EC LAB,OOPS LAB,BEE LAB,HV&SP",0,23,
142,142,19N31A05E1,9.3,9.25,1-2-CSE,,"PENG,M-II,ECHEM,OOP,BEE,EP/EC LAB,OOPS LAB,BEE LAB,HV&SP",0,23,
143,143,19N31A05E2,8.93,8.81,1-2-CSE,,"PENG,M-II,ECHEM,OOP,BEE,EP/EC LAB,OOPS LAB,BEE LAB,HV&SP",0,23,
144,144,19N31A05E3,,,1-2-CSE,"OOP,BEE","PENG,M-II,ECHEM,EP/EC LAB,OOPS LAB,BEE LAB,HV&SP",2,23,
145,145,19N31A05E4,9.45,9.65,1-2-CSE,,"PENG,M-II,ECHEM,OOP,BEE,EP/EC LAB,OOPS LAB,BEE LAB,HV&SP",0,23,
146,146,19N31A05E5,,,1-2-CSE,"OOP,BEE","PENG,M-II,ECHEM,EP/EC LAB,OOPS LAB,BEE LAB,HV&SP",2,23,
147,147,19N31A05E6,7.68,7.53,1-2-CSE,,"PENG,M-II,ECHEM,OOP,BEE,EP/EC LAB,OOPS LAB,BEE LAB,HV&SP",0,23,
148,148,19N31A05E7,8.95,8.63,1-2-CSE,,"PENG,M-II,ECHEM,OOP,BEE,EP/EC LAB,OOPS LAB,BEE LAB,HV&SP",0,23,
149,149,19N31A05E8,8.15,8.03,1-2-CSE,,"PENG,M-II,ECHEM,OOP,BEE,EP/EC LAB,OOPS LAB,BEE LAB,HV&SP",0,23,
150,150,19N31A05E9,9.6,9.50,1-2-CSE,,"PENG,M-II,ECHEM,OOP,BEE,EP/EC LAB,OOPS LAB,BEE LAB,HV&SP",0,23,
151,151,19N31A05F0,9.3,9.38,1-2-CSE,,"PENG,M-II,ECHEM,OOP,BEE,EP/EC LAB,OOPS LAB,BEE LAB,HV&SP",0,23,
152,152,19N31A05F1,,,1-2-CSE,OOP,"PENG,M-II,ECHEM,BEE,EP/EC LAB,OOPS LAB,BEE LAB,HV&SP",1,23,
153,153,19N31A05F2,8.0,8.06,1-2-CSE,,"PENG,M-II,ECHEM,OOP,BEE,EP/EC LAB,OOPS LAB,BEE LAB,HV&SP",0,23,
154,154,19N31A05F3,9.25,9.05,1-2-CSE,,"PENG,M-II,ECHEM,OOP,BEE,EP/EC LAB,OOPS LAB,BEE LAB,HV&SP",0,23,
155,155,19N31A05F4,8.75,8.53,1-2-CSE,,"PENG,M-II,ECHEM,OOP,BEE,EP/EC LAB,OOPS LAB,BEE LAB,HV&SP",0,23,
156,156,19N31A05F5,9.05,8.85,1-2-CSE,,"PENG,M-II,ECHEM,OOP,BEE,EP/EC LAB,OOPS LAB,BEE LAB,HV&SP",0,23,
157,157,19N31A05F6,7.83,7.29,1-2-CSE,,"PENG,M-II,ECHEM,OOP,BEE,EP/EC LAB,OOPS LAB,BEE LAB,HV&SP",0,23,
158,158,19N31A05F7,9.45,9.40,1-2-CSE,,"PENG,M-II,ECHEM,OOP,BEE,EP/EC LAB,OOPS LAB,BEE LAB,HV&SP",0,23,
159,159,19N31A05F8,9.3,9.45,1-2-CSE,,"PENG,M-II,ECHEM,OOP,BEE,EP/EC LAB,OOPS LAB,BEE LAB,HV&SP",0,23,
160,160,19N31A05F9,,,1-2-CSE,,"M-II,ECHEM,OOP,BEE,EP/EC LAB,OOPS LAB,BEE LAB,HV&SP",0,23,PENG
161,161,19N31A05G0,,,1-2-CSE,M-II,"PENG,ECHEM,OOP,BEE,EP/EC LAB,OOPS LAB,BEE LAB,HV&SP",1,23,
162,162,19N31A05G1,9.5,9.55,1-2-CSE,,"PENG,M-II,ECHEM,OOP,BEE,EP/EC LAB,OOPS LAB,BEE LAB,HV&SP",0,23,
163,163,19N31A05G2,8.6,8.45,1-2-CSE,,"PENG,M-II,ECHEM,OOP,BEE,EP/EC LAB,OOPS LAB,BEE LAB,HV&SP",0,23,
164,164,19N31A05G3,7.35,7.18,1-2-CSE,,"PENG,M-II,ECHEM,OOP,BEE,EP/EC LAB,OOPS LAB,BEE LAB,HV&SP",0,23,
165,165,19N31A05G4,9.3,9.58,1-2-CSE,,"PENG,M-II,ECHEM,OOP,BEE,EP/EC LAB,OOPS LAB,BEE LAB,HV&SP",0,23,
166,166,19N31A05G5,7.9,7.43,1-2-CSE,,"PENG,M-II,ECHEM,OOP,BEE,EP/EC LAB,OOPS LAB,BEE LAB,HV&SP",0,23,
167,167,19N31A05G6,9.0,9.00,1-2-CSE,,"PENG,M-II,ECHEM,OOP,BEE,EP/EC LAB,OOPS LAB,BEE LAB,HV&SP",0,23,
168,168,19N31A05G7,8.7,8.68,1-2-CSE,,"PENG,M-II,ECHEM,OOP,BEE,EP/EC LAB,OOPS LAB,BEE LAB,HV&SP",0,23,
169,169,19N31A05G8,9.2,9.33,1-2-CSE,,"PENG,M-II,ECHEM,OOP,BEE,EP/EC LAB,OOPS LAB,BEE LAB,HV&SP",0,23,
170,170,19N31A05G9,9.3,9.26,1-2-CSE,,"PENG,M-II,ECHEM,OOP,BEE,EP/EC LAB,OOPS LAB,BEE LAB,HV&SP",0,23,
171,171,19N31A05H0,8.15,8.45,1-2-CSE,,"PENG,M-II,ECHEM,OOP,BEE,EP/EC LAB,OOPS LAB,BEE LAB,HV&SP",0,23,
172,172,19N31A05H1,8.08,7.99,1-2-CSE,,"PENG,M-II,ECHEM,OOP,BEE,EP/EC LAB,OOPS LAB,BEE LAB,HV&SP",0,23,
173,173,19N31A05H2,9.1,8.78,1-2-CSE,,"PENG,M-II,ECHEM,OOP,BEE,EP/EC LAB,OOPS LAB,BEE LAB,HV&SP",0,23,
174,174,19N31A05H3,9.45,9.25,1-2-CSE,,"PENG,M-II,ECHEM,OOP,BEE,EP/EC LAB,OOPS LAB,BEE LAB,HV&SP",0,23,
175,175,19N31A05H4,8.33,8.86,1-2-CSE,,"PENG,M-II,ECHEM,OOP,BEE,EP/EC LAB,OOPS LAB,BEE LAB,HV&SP",0,23,
176,176,19N31A05H5,9.45,9.30,1-2-CSE,,"PENG,M-II,ECHEM,OOP,BEE,EP/EC LAB,OOPS LAB,BEE LAB,HV&SP",0,23,
177,177,19N31A05H6,8.35,8.58,1-2-CSE,,"PENG,M-II,ECHEM,OOP,BEE,EP/EC LAB,OOPS LAB,BEE LAB,HV&SP",0,23,
178,178,19N31A05H7,,,1-2-CSE,BEE,"PENG,M-II,ECHEM,OOP,EP/EC LAB,OOPS LAB,BEE LAB,HV&SP",1,23,
179,179,19N31A05H8,8.95,8.45,1-2-CSE,,"PENG,M-II,ECHEM,OOP,BEE,EP/EC LAB,OOPS LAB,BEE LAB,HV&SP",0,23,
180,180,19N31A05H9,,,1-2-CSE,BEE,"PENG,M-II,ECHEM,OOP,EP/EC LAB,OOPS LAB,BEE LAB,HV&SP",1,23,
181,181,19N31A05J0,,,1-2-CSE,M-II,"PENG,ECHEM,OOP,BEE,EP/EC LAB,OOPS LAB,BEE LAB,HV&SP",1,23,
182,182,19N31A05J1,8.9,8.83,1-2-CSE,,"PENG,M-II,ECHEM,OOP,BEE,EP/EC LAB,OOPS LAB,BEE LAB,HV&SP",0,23,
183,183,19N31A05J2,9.2,9.20,1-2-CSE,,"PENG,M-II,ECHEM,OOP,BEE,EP/EC LAB,OOPS LAB,BEE LAB,HV&SP",0,23,
184,184,19N31A05J3,7.75,,1-2-CSE,,"PENG,M-II,ECHEM,OOP,BEE,EP/EC LAB,OOPS LAB,BEE LAB,HV&SP",0,23,
185,185,19N31A05J4,9.45,9.30,1-2-CSE,,"PENG,M-II,ECHEM,OOP,BEE,EP/EC LAB,OOPS LAB,BEE LAB,HV&SP",0,23,
186,186,19N31A05J5,,,1-2-CSE,BEE,"PENG,M-II,ECHEM,OOP,EP/EC LAB,OOPS LAB,BEE LAB,HV&SP",1,23,
187,187,19N31A05J6,8.95,8.93,1-2-CSE,,"PENG,M-II,ECHEM,OOP,BEE,EP/EC LAB,OOPS LAB,BEE LAB,HV&SP",0,23,
188,188,19N31A05J7,8.6,8.45,1-2-CSE,,"PENG,M-II,ECHEM,OOP,BEE,EP/EC LAB,OOPS LAB,BEE LAB,HV&SP",0,23,
189,189,19N31A05J8,7.8,7.55,1-2-CSE,,"PENG,M-II,ECHEM,OOP,BEE,EP/EC LAB,OOPS LAB,BEE LAB,HV&SP",0,23,
190,190,19N31A05J9,,,1-2-CSE,,"PENG,M-II,ECHEM,OOP,BEE",0,23,"EP/EC LAB,OOPS LAB,BEE LAB,HV&SP"
191,191,19N31A05K0,9.15,8.83,1-2-CSE,,"PENG,M-II,ECHEM,OOP,BEE,EP/EC LAB,OOPS LAB,BEE LAB,HV&SP",0,23,
192,192,19N31A05K1,,,1-2-CSE,BEE,"PENG,M-II,ECHEM,OOP,EP/EC LAB,OOPS LAB,BEE LAB,HV&SP",1,23,
193,193,19N31A05K2,8.25,8.30,1-2-CSE,,"PENG,M-II,ECHEM,OOP,BEE,EP/EC LAB,OOPS LAB,BEE LAB,HV&SP",0,23,
194,194,19N31A05K3,8.0,8.08,1-2-CSE,,"PENG,M-II,ECHEM,OOP,BEE,EP/EC LAB,OOPS LAB,BEE LAB,HV&SP",0,23,
195,195,19N31A05K4,8.95,9.10,1-2-CSE,,"PENG,M-II,ECHEM,OOP,BEE,EP/EC LAB,OOPS LAB,BEE LAB,HV&SP",0,23,
196,196,19N31A05K5,9.3,9.15,1-2-CSE,,"PENG,M-II,ECHEM,OOP,BEE,EP/EC LAB,OOPS LAB,BEE LAB,HV&SP",0,23,
197,197,19N31A05K6,9.15,8.95,1-2-CSE,,"PENG,M-II,ECHEM,OOP,BEE,EP/EC LAB,OOPS LAB,BEE LAB,HV&SP",0,23,
198,198,19N31A05K7,8.95,8.85,1-2-CSE,,"PENG,M-II,ECHEM,OOP,BEE,EP/EC LAB,OOPS LAB,BEE LAB,HV&SP",0,23,
199,199,19N31A05K8,8.8,8.68,1-2-CSE,,"PENG,M-II,ECHEM,OOP,BEE,EP/EC LAB,OOPS LAB,BEE LAB,HV&SP",0,23,
200,200,19N31A05K9,8.65,8.30,1-2-CSE,,"PENG,M-II,ECHEM,OOP,BEE,EP/EC LAB,OOPS LAB,BEE LAB,HV&SP",0,23,
201,201,19N31A05L0,8.05,,1-2-CSE,,"PENG,M-II,ECHEM,OOP,BEE,EP/EC LAB,OOPS LAB,BEE LAB,HV&SP",0,23,
202,202,19N31A05L1,7.93,,1-2-CSE,,"PENG,M-II,ECHEM,OOP,BEE,EP/EC LAB,OOPS LAB,BEE LAB,HV&SP",0,23,
203,203,19N31A05L2,9.2,9.18,1-2-CSE,,"PENG,M-II,ECHEM,OOP,BEE,EP/EC LAB,OOPS LAB,BEE LAB,HV&SP",0,23,
204,204,19N31A05L3,7.55,,1-2-CSE,,"PENG,M-II,ECHEM,OOP,BEE,EP/EC LAB,OOPS LAB,BEE LAB,HV&SP",0,23,
205,205,19N31A05L4,,,1-2-CSE,"OOP,BEE","PENG,M-II,ECHEM,EP/EC LAB,OOPS LAB,BEE LAB,HV&SP",2,23,
206,206,19N31A05L5,9.0,9.00,1-2-CSE,,"PENG,M-II,ECHEM,OOP,BEE,EP/EC LAB,OOPS LAB,BEE LAB,HV&SP",0,23,
207,207,19N31A05L6,7.93,,1-2-CSE,,"PENG,M-II,ECHEM,OOP,BEE,EP/EC LAB,OOPS LAB,BEE LAB,HV&SP",0,23,
208,208,19N31A05L7,,,1-2-CSE,BEE,"PENG,M-II,ECHEM,OOP,EP/EC LAB,OOPS LAB,BEE LAB,HV&SP",1,23,
209,209,19N31A05L8,8.08,,1-2-CSE,,"PENG,M-II,ECHEM,OOP,BEE,EP/EC LAB,OOPS LAB,BEE LAB,HV&SP",0,23,
210,210,19N31A05L9,9.2,9.33,1-2-CSE,,"PENG,M-II,ECHEM,OOP,BEE,EP/EC LAB,OOPS LAB,BEE LAB,HV&SP",0,23,
211,211,19N31A05M0,9.3,9.45,1-2-CSE,,"PENG,M-II,ECHEM,OOP,BEE,EP/EC LAB,OOPS LAB,BEE LAB,HV&SP",0,23,
212,212,19N31A05M1,7.9,7.73,1-2-CSE,,"PENG,M-II,ECHEM,OOP,BEE,EP/EC LAB,OOPS LAB,BEE LAB,HV&SP",0,23,
213,213,19N31A05M2,9.45,9.25,1-2-CSE,,"PENG,M-II,ECHEM,OOP,BEE,EP/EC LAB,OOPS LAB,BEE LAB,HV&SP",0,23,
214,214,19N31A05M3,8.95,8.60,1-2-CSE,,"PENG,M-II,ECHEM,OOP,BEE,EP/EC LAB,OOPS LAB,BEE LAB,HV&SP",0,23,
215,215,19N31A05M4,9.15,9.08,1-2-CSE,,"PENG,M-II,ECHEM,OOP,BEE,EP/EC LAB,OOPS LAB,BEE LAB,HV&SP",0,23,
216,216,19N31A05M5,8.35,8.23,1-2-CSE,,"PENG,M-II,ECHEM,OOP,BEE,EP/EC LAB,OOPS LAB,BEE LAB,HV&SP",0,23,
217,217,19N31A05M6,,,1-2-CSE,M-II,"PENG,ECHEM,OOP,BEE,EP/EC LAB,OOPS LAB,BEE LAB,HV&SP",1,23,
218,218,19N31A05M7,,,1-2-CSE,BEE,"PENG,M-II,ECHEM,OOP,EP/EC LAB,OOPS LAB,BEE LAB,HV&SP",1,23,
219,219,19N31A05M8,9.05,8.64,1-2-CSE,,"PENG,M-II,ECHEM,OOP,BEE,EP/EC LAB,OOPS LAB,BEE LAB,HV&SP",0,23,
220,220,19N31A05M9,8.3,8.18,1-2-CSE,,"PENG,M-II,ECHEM,OOP,BEE,EP/EC LAB,OOPS LAB,BEE LAB,HV&SP",0,23,
221,221,19N31A05N0,9.1,9.28,1-2-CSE,,"PENG,M-II,ECHEM,OOP,BEE,EP/EC LAB,OOPS LAB,BEE LAB,HV&SP",0,23,
222,222,19N31A05N1,8.25,7.98,1-2-CSE,,"PENG,M-II,ECHEM,OOP,BEE,EP/EC LAB,OOPS LAB,BEE LAB,HV&SP",0,23,
223,223,19N31A05N2,9.15,9.20,1-2-CSE,,"PENG,M-II,ECHEM,OOP,BEE,EP/EC LAB,OOPS LAB,BEE LAB,HV&SP",0,23,
224,224,19N31A05N3,,,1-2-CSE,"M-II,BEE","PENG,ECHEM,OOP,EP/EC LAB,OOPS LAB,BEE LAB,HV&SP",2,23,
225,225,19N31A05N4,,,1-2-CSE,"OOP,BEE","PENG,M-II,ECHEM,EP/EC LAB,OOPS LAB,BEE LAB,HV&SP",2,23,
226,226,19N31A05N5,9.15,8.93,1-2-CSE,,"PENG,M-II,ECHEM,OOP,BEE,EP/EC LAB,OOPS LAB,BEE LAB,HV&SP",0,23,
227,227,19N31A05N6,9.45,9.23,1-2-CSE,,"PENG,M-II,ECHEM,OOP,BEE,EP/EC LAB,OOPS LAB,BEE LAB,HV&SP",0,23,
228,228,19N31A05N7,9.2,9.10,1-2-CSE,,"PENG,M-II,ECHEM,OOP,BEE,EP/EC LAB,OOPS LAB,BEE LAB,HV&SP",0,23,
229,229,19N31A05N8,,,1-2-CSE,PENG,"M-II,ECHEM,OOP,BEE,EP/EC LAB,OOPS LAB,BEE LAB,HV&SP",1,23,
230,230,19N31A05N9,9.05,8.90,1-2-CSE,,"PENG,M-II,ECHEM,OOP,BEE,EP/EC LAB,OOPS LAB,BEE LAB,HV&SP",0,23,
231,231,19N31A05P0,8.95,8.83,1-2-CSE,,"PENG,M-II,ECHEM,OOP,BEE,EP/EC LAB,OOPS LAB,BEE LAB,HV&SP",0,23,
232,232,19N31A05P1,8.3,8.40,1-2-CSE,,"PENG,M-II,ECHEM,OOP,BEE,EP/EC LAB,OOPS LAB,BEE LAB,HV&SP",0,23,
233,233,19N31A05P2,8.48,8.14,1-2-CSE,,"PENG,M-II,ECHEM,OOP,BEE,EP/EC LAB,OOPS LAB,BEE LAB,HV&SP",0,23,
234,234,19N31A05P3,,,1-2-CSE,"ECHEM,BEE","PENG,M-II,OOP,EP/EC LAB,OOPS LAB,BEE LAB,HV&SP",2,23,
235,235,19N31A05P4,8.8,8.90,1-2-CSE,,"PENG,M-II,ECHEM,OOP,BEE,EP/EC LAB,OOPS LAB,BEE LAB,HV&SP",0,23,
236,236,19N31A05P5,8.28,7.96,1-2-CSE,,"PENG,M-II,ECHEM,OOP,BEE,EP/EC LAB,OOPS LAB,BEE LAB,HV&SP",0,23,
237,237,19N31A05P6,9.45,9.10,1-2-CSE,,"PENG,M-II,ECHEM,OOP,BEE,EP/EC LAB,OOPS LAB,BEE LAB,HV&SP",0,23,
238,238,19N31A05P7,,,1-2-CSE,BEE,"PENG,M-II,ECHEM,OOP,EP/EC LAB,OOPS LAB,BEE LAB,HV&SP",1,23,
239,239,19N31A05P8,9.15,9.08,1-2-CSE,,"PENG,M-II,ECHEM,OOP,BEE,EP/EC LAB,OOPS LAB,BEE LAB,HV&SP",0,23,
240,240,19N31A05P9,9.15,A+,1-2-CSE,,"PENG,M-II,ECHEM,OOP,BEE,EP/EC LAB,OOPS LAB,BEE LAB,HV&SP",0,23,
241,241,19N31A05Q0,7.6,B+,1-2-CSE,,"PENG,M-II,ECHEM,OOP,BEE,EP/EC LAB,OOPS LAB,BEE LAB,HV&SP",0,23,
242,242,19N31A05Q1,8.0,B,1-2-CSE,,"PENG,M-II,ECHEM,OOP,BEE,EP/EC LAB,OOPS LAB,BEE LAB,HV&SP",0,23,
243,243,19N31A05Q2,,A,1-2-CSE,PENG,"M-II,ECHEM,OOP,BEE,EP/EC LAB,OOPS LAB,BEE LAB,HV&SP",1,23,
